{"cameraMode":{"drawMode":0,"name":"Shaded","section":"Shading Mode"},"sceneLighting":true,"audioPlay":false,"sceneViewState":{"m_AlwaysRefresh":false,"showFog":true,"showSkybox":true,"showFlares":true,"showImageEffects":true,"showParticleSystems":true,"showVisualEffectGraphs":true,"m_FxEnabled":true},"in2DMode":false,"pivot":{"x":1.3901493549346924,"y":3.951010227203369,"z":2.357797622680664},"rotation":{"x":-0.11972757428884506,"y":0.0692744255065918,"z":-0.008409739471971989,"w":-0.9903729557991028},"size":0.8660253882408142,"orthographic":false}